Date,삼성전자,SK하이닉스,파두
2024-02-20,100.0,100.0,100.0
2024-02-21,99.59072305593452,99.59893048128342,99.26108374384236
2024-02-22,99.72714870395635,104.61229946524064,99.50738916256158
2024-02-23,99.45429740791269,107.88770053475936,104.43349753694582
2024-02-26,99.31787175989086,108.15508021390374,106.40394088669952
2024-02-27,99.45429740791269,102.80748663101605,103.20197044334975
2024-02-28,99.86357435197817,105.61497326203208,105.91133004926108
2024-02-29,100.13642564802183,104.41176470588236,102.46305418719213
2024-03-04,102.18281036834924,111.29679144385027,103.94088669950739
2024-03-05,100.54570259208731,110.82887700534761,100.0
2024-03-06,99.45429740791269,108.8903743315508,102.21674876847291
2024-03-07,98.4993178717599,110.22727272727273,99.26108374384236
2024-03-08,100.0,114.90641711229948,99.26108374384236
2024-03-11,98.77216916780355,111.36363636363636,95.4679802955665
2024-03-12,100.0,110.7620320855615,95.1231527093596
2024-03-13,101.09140518417463,109.35828877005346,97.38916256157636
2024-03-14,101.36425648021827,108.22192513368985,96.45320197044335
2024-03-15,98.63574351978171,107.75401069518718,95.51724137931035
2024-03-18,99.31787175989086,109.82620320855614,96.10837438423646
2024-03-19,99.31787175989086,107.0855614973262,94.23645320197043
2024-03-20,104.91132332878581,104.61229946524064,92.85714285714286
2024-03-21,108.18553888130968,113.63636363636364,83.34975369458128
2024-03-22,107.63983628922237,113.50267379679144,79.45812807881774
2024-03-25,106.68485675306958,113.23529411764706,75.02463054187191
2024-03-26,109.00409276944065,118.04812834224599,82.66009852216749
2024-03-27,108.86766712141882,121.12299465240642,84.33497536945814
2024-03-28,110.23192360163712,119.11764705882352,82.16748768472907
2024-03-29,112.41473396998636,122.32620320855614,78.32512315270937
2024-04-01,111.86903137789905,123.99732620320856,79.70443349753694
2024-04-02,115.9618008185539,124.53208556149733,88.76847290640394
2024-04-03,114.73396998635744,119.78609625668449,93.64532019704434
2024-04-04,116.37107776261936,125.66844919786095,91.13300492610837
2024-04-05,115.27967257844476,122.19251336898395,99.01477832512316
2024-04-08,115.27967257844476,121.12299465240642,93.00492610837439
2024-04-09,114.0518417462483,122.25935828877006,83.30049261083744
2024-04-11,114.73396998635744,125.93582887700533,83.2512315270936
2024-04-12,114.18826739427013,125.26737967914438,86.35467980295567
2024-04-15,112.14188267394269,125.80213903743316,97.68472906403942
2024-04-16,109.14051841746249,119.7192513368984,89.95073891625616
2024-04-17,107.63983628922237,119.45187165775401,102.21674876847291
2024-04-18,108.59481582537518,121.85828877005346,99.50738916256158
2024-04-19,105.8663028649386,115.84224598930481,96.00985221674877
2024-04-22,103.81991814461118,114.70588235294117,96.30541871921181
2024-04-23,103.00136425648022,114.3048128342246,93.69458128078819
2024-04-24,107.23055934515688,120.18716577540107,95.56650246305419
2024-04-25,104.09276944065485,114.03743315508021,93.30049261083744
2024-04-26,104.63847203274214,118.85026737967914,99.26108374384236
2024-04-29,104.63847203274214,117.58021390374331,99.01477832512316
2024-04-30,105.72987721691678,116.44385026737969,94.23645320197043
2024-05-02,106.41200545702591,116.0427807486631,92.95566502463053
2024-05-03,105.8663028649386,115.77540106951871,89.16256157635468
2024-05-07,110.91405184174626,120.05347593582887,88.76847290640394
2024-05-08,110.91405184174626,118.98395721925135,86.55172413793103
2024-05-09,108.73124147339699,117.24598930481282,88.62068965517241
2024-05-10,108.04911323328785,120.25401069518718,86.25615763546797
2024-05-13,106.95770804911324,122.8609625668449,84.5320197044335
2024-05-14,106.82128240109141,123.86363636363636,84.63054187192118
2024-05-16,106.68485675306958,129.01069518716577,86.69950738916256
2024-05-17,105.59345156889495,126.93850267379678,84.67980295566502
2024-05-20,107.63983628922237,127.07219251336899,83.2512315270936
2024-05-21,106.95770804911324,128.3422459893048,82.3152709359606
2024-05-22,106.00272851296045,132.1524064171123,83.74384236453201
2024-05-23,106.82128240109141,133.6898395721925,85.71428571428571
2024-05-24,103.54706684856754,132.75401069518716,88.52216748768473
2024-05-27,105.32060027285131,134.69251336898395,88.52216748768473
2024-05-28,105.8663028649386,135.3609625668449,88.81773399014779
2024-05-29,102.59208731241473,135.3609625668449,86.69950738916256
2024-05-30,100.27285129604367,130.81550802139037,87.73399014778325
2024-05-31,100.27285129604367,126.47058823529412,86.99507389162562
2024-06-03,103.27421555252387,129.81283422459893,87.0935960591133
2024-06-04,102.72851296043657,129.21122994652404,90.39408866995073
2024-06-05,105.59345156889495,129.47860962566844,95.07389162561576
2024-06-07,105.45702592087312,138.70320855614972,101.47783251231527
2024-06-10,103.27421555252387,139.0374331550802,104.43349753694582
2024-06-11,102.59208731241473,142.04545454545453,104.43349753694582
2024-06-12,104.3656207366985,143.71657754010695,105.91133004926108
2024-06-13,107.23055934515688,148.39572192513367,106.89655172413792
2024-06-14,108.59481582537518,147.72727272727272,113.30049261083744
2024-06-17,106.54843110504774,149.06417112299465,116.25615763546797
2024-06-18,108.86766712141882,156.75133689839572,116.00985221674878
2024-06-19,110.77762619372442,156.08288770053477,115.51724137931035
2024-06-20,111.32332878581173,158.7566844919786,113.05418719211822
2024-06-21,109.14051841746249,156.41711229946523,109.35960591133005
2024-06-24,109.95907230559345,149.06417112299465,107.38916256157636
2024-06-25,110.23192360163712,150.40106951871655,104.43349753694582
2024-06-26,110.91405184174626,158.42245989304814,107.38916256157636
2024-06-27,111.32332878581173,158.08823529411765,103.69458128078817
2024-06-28,111.1869031377899,158.08823529411765,102.46305418719213
2024-07-01,111.5961800818554,157.4197860962567,100.24630541871922
2024-07-02,111.5961800818554,155.0802139037433,99.26108374384236
2024-07-03,111.5961800818554,157.75401069518716,102.46305418719213
2024-07-04,115.41609822646657,153.7433155080214,103.44827586206897
2024-07-05,118.82673942701227,157.75401069518716,99.26108374384236
2024-07-08,119.23601637107777,156.08288770053477,102.95566502463053
2024-07-09,119.78171896316508,159.42513368983958,100.98522167487684
2024-07-10,119.78171896316508,159.75935828877004,99.50738916256158
2024-07-11,119.50886766712141,161.09625668449198,96.69950738916256
2024-07-12,115.14324693042293,155.74866310160428,93.10344827586206
2024-07-15,118.28103683492498,153.7433155080214,91.47783251231527
2024-07-16,119.64529331514325,155.74866310160428,93.49753694581281
2024-07-17,118.28103683492498,147.39304812834223,90.64039408866995
2024-07-18,118.55388813096863,142.04545454545453,89.4088669950739
2024-07-19,115.14324693042293,140.04010695187165,88.22660098522167
2024-07-22,113.23328785811732,137.03208556149733,91.13300492610837
2024-07-23,114.4611186903138,137.03208556149733,90.0
2024-07-24,111.86903137789905,139.3716577540107,91.37931034482759
2024-07-25,109.68622100954978,127.00534759358288,87.4384236453202
2024-07-26,110.36834924965892,128.2085561497326,85.4679802955665
2024-07-29,110.77762619372442,130.74866310160428,84.72906403940887
2024-07-30,110.50477489768076,126.27005347593582,84.72906403940887
2024-07-31,114.4611186903138,130.0802139037433,86.50246305418719
2024-08-01,113.36971350613916,129.21122994652404,86.50246305418719
2024-08-02,108.59481582537518,115.77540106951871,81.9704433497537
2024-08-05,97.40791268758527,104.34491978609626,69.11330049261085
2024-08-06,98.90859481582538,109.42513368983957,74.92610837438424
2024-08-07,101.9099590723056,113.16844919786095,69.45812807881774
2024-08-08,100.13642564802183,109.22459893048129,65.27093596059113
2024-08-09,101.9099590723056,114.6390374331551,68.12807881773399
2024-08-12,103.00136425648022,118.31550802139037,70.64039408866995
2024-08-13,103.81991814461118,121.59090909090908,68.91625615763547
2024-08-14,105.32060027285131,124.79946524064172,70.93596059113301
2024-08-16,109.41336971350614,133.48930481283423,69.75369458128078
2024-08-19,106.82128240109141,129.61229946524065,68.3743842364532
2024-08-20,107.63983628922237,133.48930481283423,70.6896551724138
2024-08-21,106.82128240109141,128.7433155080214,70.49261083743842
2024-08-22,106.82128240109141,127.74064171122994,68.32512315270935
2024-08-23,106.00272851296045,123.99732620320856,66.60098522167488
2024-08-26,103.81991814461118,120.05347593582887,64.8768472906404
2024-08-27,103.41064120054571,116.97860962566844,65.17241379310344
2024-08-28,104.22919508867668,119.85294117647058,67.73399014778325
2024-08-29,100.9549795361528,113.43582887700533,67.58620689655173
2024-08-30,101.36425648021827,116.1096256684492,69.55665024630542
2024-09-02,101.5006821282401,116.31016042780749,69.80295566502464
2024-09-03,98.90859481582538,112.5,68.42364532019704
2024-09-04,95.49795361527967,103.475935828877,66.00985221674877
2024-09-05,94.1336971350614,106.55080213903743,64.23645320197045
2024-09-06,93.99727148703957,104.54545454545455,59.75369458128079
2024-09-09,92.08731241473397,104.94652406417113,64.1871921182266
2024-09-10,90.3137789904502,103.94385026737969,69.80295566502464
2024-09-11,88.54024556616645,105.08021390374331,74.48275862068967
2024-09-12,90.45020463847203,112.83422459893049,83.34975369458128
2024-09-13,87.8581173260573,108.8235294117647,81.13300492610837
2024-09-19,86.08458390177354,102.1390374331551,80.04926108374384
2024-09-20,85.9481582537517,105.0133689839572,78.66995073891626
2024-09-23,85.40245566166439,108.28877005347594,75.36945812807882
2024-09-24,86.22100954979535,109.29144385026738,77.4384236453202
2024-09-25,84.85675306957708,110.49465240641712,75.56650246305419
2024-09-26,88.26739427012278,120.92245989304813,76.84729064039408
2024-09-27,87.58526603001364,122.8609625668449,76.4039408866995
2024-09-30,83.90177353342429,116.71122994652406,73.64532019704434
2024-10-02,83.62892223738064,113.03475935828877,77.4384236453202
2024-10-04,82.67394270122783,116.37700534759358,80.09852216748769
2024-10-07,83.21964529331515,123.59625668449199,78.32512315270937
2024-10-08,82.26466575716235,118.98395721925135,76.35467980295566
2024-10-10,80.35470668485675,124.79946524064172,84.28571428571429
2024-10-11,80.90040927694406,124.33155080213905,82.46305418719211
2024-10-14,80.90040927694406,124.33155080213905,84.23645320197043
2024-10-15,83.21964529331515,128.9438502673797,95.02463054187193
2024-10-16,81.17326057298773,126.13636363636364,98.07881773399015
2024-10-17,81.44611186903138,131.01604278074865,97.29064039408867
2024-10-18,80.76398362892225,125.20053475935828,96.1576354679803
2024-10-21,80.49113233287858,127.60695187165776,95.32019704433498
2024-10-22,78.71759890859482,125.53475935828877,92.46305418719211
2024-10-23,80.6275579809004,131.01604278074865,98.76847290640394
2024-10-24,77.21691678035471,132.4866310160428,103.94088669950739
2024-10-25,76.2619372442019,134.35828877005346,110.83743842364532
2024-10-28,79.26330150068213,131.01604278074865,105.17241379310344
2024-10-29,81.30968622100954,127.20588235294117,111.33004926108374
2024-10-30,80.6275579809004,130.3475935828877,109.60591133004927
2024-10-31,80.76398362892225,124.53208556149733,106.40394088669952
2024-11-01,79.53615279672579,121.79144385026738,95.96059113300493
2024-11-04,80.0818553888131,129.67914438502675,101.9704433497537
2024-11-05,78.581173260573,129.14438502673798,94.5320197044335
2024-11-06,78.1718963165075,130.88235294117646,94.08866995073892
2024-11-07,78.1718963165075,130.88235294117646,94.63054187192118
2024-11-08,77.76261937244202,134.024064171123,92.95566502463053
2024-11-11,75.03410641200546,128.7433155080214,91.67487684729065
2024-11-12,72.3055934515689,124.19786096256684,87.04433497536945
2024-11-13,69.03137789904503,122.25935828877006,87.4384236453202
2024-11-14,68.07639836289222,115.64171122994654,85.91133004926108
2024-11-15,72.98772169167803,119.11764705882352,91.13300492610837
2024-11-18,77.35334242837654,114.77272727272727,86.50246305418719
2024-11-19,76.80763983628923,114.03743315508021,86.10837438423646
2024-11-20,75.44338335607094,114.03743315508021,85.17241379310346
2024-11-21,76.94406548431105,112.83422459893049,81.82266009852216
2024-11-22,76.39836289222373,118.11497326203208,76.5024630541872
2024-11-25,78.99045020463848,118.31550802139037,80.14778325123153
2024-11-26,79.53615279672579,118.38235294117648,82.16748768472907
2024-11-27,76.80763983628923,112.5,82.70935960591133
2024-11-28,75.7162346521146,107.68716577540107,80.5911330049261
2024-11-29,73.94270122783084,106.88502673796792,81.03448275862068
2024-12-02,73.12414733969986,106.14973262032086,81.92118226600985
2024-12-03,73.12414733969986,110.22727272727273,82.01970443349754
2024-12-04,72.44201909959072,112.29946524064172,79.16256157635469
2024-12-05,73.2605729877217,115.64171122994654,80.64039408866995
2024-12-06,73.806275579809,111.69786096256684,77.0935960591133
2024-12-09,72.8512960436562,112.90106951871657,70.44334975369459
2024-12-10,73.66984993178718,113.90374331550801,70.6896551724138
2024-12-11,73.66984993178718,114.83957219251337,71.87192118226601
2024-12-12,76.2619372442019,117.71390374331551,73.05418719211822
2024-12-13,76.53478854024557,117.31283422459893,74.63054187192118
2024-12-16,75.85266030013642,119.85294117647058,75.17241379310344
2024-12-17,73.94270122783084,122.99465240641712,77.98029556650246
2024-12-18,74.89768076398363,122.66042780748663,76.7487684729064
2024-12-19,72.44201909959072,116.97860962566844,74.8768472906404
2024-12-20,72.3055934515689,112.63368983957218,72.46305418719213
2024-12-23,72.98772169167803,113.36898395721926,69.26108374384236
2024-12-24,74.21555252387448,112.63368983957218,73.44827586206897
2024-12-26,73.12414733969986,113.70320855614973,72.21674876847291
2024-12-27,73.2605729877217,116.64438502673798,71.5270935960591
2024-12-30,72.57844474761255,116.24331550802138,73.89162561576354
2025-01-02,72.8512960436562,114.43850267379678,73.05418719211822
2025-01-03,74.21555252387448,121.59090909090908,77.83251231527095
2025-01-06,76.2619372442019,133.5561497326203,78.42364532019704
2025-01-07,75.57980900409277,130.3475935828877,76.20689655172413
2025-01-08,78.1718963165075,130.14705882352942,75.71428571428571
2025-01-09,76.53478854024557,137.03208556149733,74.5320197044335
2025-01-10,75.44338335607094,136.02941176470588,73.94088669950739
2025-01-13,73.806275579809,129.87967914438502,72.21674876847291
2025-01-14,73.53342428376534,130.3475935828877,73.4975369458128
2025-01-15,73.2605729877217,132.4866310160428,73.00492610837438
2025-01-16,74.07912687585267,140.37433155080214,73.10344827586206
2025-01-17,73.2605729877217,143.38235294117646,72.75862068965517
2025-01-20,72.8512960436562,141.71122994652404,73.5960591133005
2025-01-21,72.98772169167803,145.72192513368984,72.9064039408867
2025-01-22,74.07912687585267,150.73529411764704,74.18719211822659
2025-01-23,73.2605729877217,146.72459893048128,72.66009852216749
2025-01-24,73.2605729877217,147.72727272727272,72.9064039408867
2025-01-31,71.48703956343793,133.15508021390374,69.85221674876847
2025-02-03,69.57708049113234,127.60695187165776,69.06403940886699
2025-02-04,71.89631650750341,127.74064171122994,68.91625615763547
2025-02-05,72.16916780354707,132.88770053475935,69.50738916256157
2025-02-06,73.66984993178718,136.02941176470588,70.6896551724138
2025-02-07,73.2605729877217,135.6951871657754,73.64532019704434
2025-02-10,75.85266030013642,132.4197860962567,71.5270935960591
2025-02-11,75.98908594815825,133.48930481283423,72.70935960591133
2025-02-12,76.12551159618009,132.95454545454547,69.11330049261085
2025-02-13,76.12551159618009,139.3716577540107,68.96551724137932
2025-02-14,76.39836289222373,140.37433155080214,75.61576354679804
2025-02-17,76.39836289222373,141.71122994652404,77.4384236453202
2025-02-18,77.62619372442019,140.37433155080214,79.06403940886699
2025-02-19,80.0818553888131,146.0561497326203,87.33990147783251
2025-02-20,79.67257844474761,141.71122994652404,85.71428571428571
2025-02-21,79.39972714870396,140.04010695187165,85.17241379310346
2025-02-24,78.1718963165075,137.03208556149733,80.6896551724138
2025-02-25,78.03547066848567,134.024064171123,80.78817733990148
2025-02-26,77.21691678035471,135.6951871657754,78.32512315270937
2025-02-27,76.80763983628923,133.15508021390374,76.45320197044335
2025-02-28,74.35197817189632,127.1390374331551,72.75862068965517
2025-03-04,74.35197817189632,124.39839572192513,70.5911330049261
2025-03-05,73.66984993178718,129.07754010695186,71.87192118226601
2025-03-06,74.07912687585267,128.6096256684492,72.3152709359606
2025-03-07,73.2605729877217,128.6096256684492,72.95566502463055
2025-03-10,73.2605729877217,125.60160427807487,66.99507389162561
2025-03-11,73.12414733969986,125.53475935828877,67.04433497536945
2025-03-12,74.89768076398363,132.95454545454547,68.42364532019704
2025-03-13,74.62482946793997,133.48930481283423,68.07881773399015
2025-03-14,74.62482946793997,136.69786096256684,68.66995073891626
2025-03-17,78.581173260573,137.70053475935828,69.06403940886699
2025-03-18,78.581173260573,135.6951871657754,67.48768472906403
2025-03-19,79.80900409276944,137.36631016042782,68.57142857142857
2025-03-20,82.12824010914052,140.37433155080214,68.07881773399015
2025-03-21,84.17462482946793,144.05080213903742,68.3743842364532
2025-03-24,82.537517053206,141.37700534759358,65.8128078817734
2025-03-25,81.58253751705321,139.0374331550802,64.72906403940887
2025-03-26,83.76534788540245,143.04812834224597,63.891625615763544
2025-03-27,84.31105047748977,138.36898395721926,62.95566502463055
2025-03-28,82.12824010914052,133.22192513368984,60.3448275862069
2025-03-31,78.85402455661664,127.47326203208556,56.995073891625616
2025-04-01,80.21828103683492,131.68449197860963,57.04433497536946
2025-04-02,80.21828103683492,132.2860962566845,54.679802955665025
2025-04-03,78.581173260573,130.0802139037433,50.98522167487685
2025-04-04,76.53478854024557,121.79144385026738,51.92118226600986
2025-04-07,72.57844474761255,110.16042780748663,46.84729064039409
2025-04-08,72.98772169167803,113.30213903743316,45.566502463054185
2025-04-09,72.3055934515689,110.29411764705883,43.399014778325125
2025-04-10,76.94406548431105,122.45989304812835,46.995073891625616
2025-04-11,75.30695770804911,120.85561497326202,47.4384236453202
2025-04-14,76.67121418826738,120.45454545454545,50.64039408866995
2025-04-15,77.21691678035471,120.72192513368985,49.802955665024626
2025-04-16,74.62482946793997,116.31016042780749,49.45812807881773
2025-04-17,75.17053206002728,116.97860962566844,49.75369458128079
2025-04-18,75.44338335607094,116.97860962566844,50.0
2025-04-21,75.57980900409277,118.04812834224599,51.42857142857142
2025-04-22,75.03410641200546,116.1764705882353,50.59113300492611
2025-04-23,75.98908594815825,120.98930481283423,52.95566502463054
2025-04-24,75.98908594815825,119.18449197860963,54.187192118226605
2025-04-25,75.98908594815825,123.2620320855615,54.23645320197045
2025-04-28,76.12551159618009,121.65775401069519,53.89162561576355
2025-04-29,76.12551159618009,120.85561497326202,52.95566502463054
2025-04-30,75.7162346521146,118.64973262032086,52.26600985221674
2025-05-02,74.07912687585267,124.33155080213905,53.103448275862064
2025-05-07,74.48840381991815,127.54010695187165,52.56157635467981
2025-05-08,74.48840381991815,127.20588235294117,53.44827586206896
2025-05-09,74.7612551159618,127.07219251336899,50.49261083743842
2025-05-12,78.581173260573,130.3475935828877,53.645320197044335
2025-05-13,77.62619372442019,132.68716577540107,58.669950738916256
2025-05-14,78.30832196452933,137.70053475935828,57.88177339901478
2025-05-15,78.1718963165075,134.024064171123,56.50246305418719
2025-05-16,77.48976807639836,136.69786096256684,56.354679802955665
2025-05-19,76.12551159618009,133.28877005347596,54.187192118226605
2025-05-20,76.2619372442019,135.02673796791444,53.30049261083744
2025-05-21,75.98908594815825,134.024064171123,52.66009852216749
2025-05-22,74.62482946793997,131.61764705882354,51.6256157635468
2025-05-23,73.94270122783084,133.6898395721925,50.98522167487685
2025-05-26,74.62482946793997,135.6951871657754,51.2807881773399
2025-05-27,73.53342428376534,135.3609625668449,52.364532019704434
2025-05-28,76.2619372442019,139.0374331550802,50.935960591133004
2025-05-29,76.53478854024557,141.71122994652404,51.67487684729064
2025-05-30,76.67121418826738,136.69786096256684,50.837438423645324
2025-06-02,77.48976807639836,138.70320855614972,49.75369458128079
2025-06-04,78.85402455661664,145.38770053475935,51.6256157635468
2025-06-05,80.6275579809004,150.0668449197861,52.95566502463054
2025-06-09,81.58253751705321,153.07486631016042,52.758620689655174
2025-06-10,80.76398362892225,154.07754010695186,52.51231527093596
2025-06-11,81.71896316507502,160.42780748663102,54.97536945812808
2025-06-12,81.17326057298773,157.4197860962567,54.187192118226605
2025-06-13,79.53615279672579,157.4197860962567,52.56157635467981
2025-06-16,78.03547066848567,165.77540106951872,51.92118226600986
2025-06-17,79.26330150068213,166.4438502673797,52.364532019704434
2025-06-18,81.58253751705321,164.77272727272728,53.497536945812804
2025-06-19,80.76398362892225,164.4385026737968,57.29064039408867
2025-06-20,81.17326057298773,171.7914438502674,56.748768472906406
2025-06-23,79.1268758526603,173.4625668449198,54.187192118226605
2025-06-24,82.537517053206,186.16310160427807,55.61576354679802
2025-06-25,83.62892223738064,191.1764705882353,59.11330049261084
2025-06-26,82.12824010914052,195.85561497326202,61.42857142857143
2025-06-27,82.94679399727148,189.83957219251337,62.266009852216754
2025-06-30,81.58253751705321,195.18716577540107,66.65024630541872
2025-07-01,82.12824010914052,190.8422459893048,67.33990147783251
2025-07-02,82.94679399727148,186.49732620320856,67.83251231527093
2025-07-03,87.03956343792633,186.16310160427807,68.12807881773399
2025-07-04,86.3574351978172,180.81550802139037,67.58620689655173
2025-07-07,84.17462482946793,181.14973262032086,66.94581280788178
2025-07-08,83.76534788540245,188.50267379679144,65.91133004926108
2025-07-09,82.40109140518418,187.8342245989305,62.80788177339901
2025-07-10,83.21964529331515,198.52941176470588,62.06896551724138
2025-07-11,85.40245566166439,196.85828877005346,62.06896551724138
2025-07-14,85.26603001364256,200.53475935828877,59.11330049261084
2025-07-15,86.9031377899045,199.53208556149733,59.55665024630542
2025-07-16,88.26739427012278,197.8609625668449,59.40886699507389
2025-07-17,90.99590723055935,180.14705882352942,60.09852216748769
2025-07-18,91.54160982264665,179.81283422459893,60.0
2025-07-21,92.49658935879945,182.1524064171123,60.591133004926114
2025-07-22,90.04092769440655,179.47860962566844,60.689655172413794
2025-07-23,90.58663028649386,179.81283422459893,60.88669950738917
2025-07-24,90.04092769440655,180.14705882352942,62.118226600985224
2025-07-25,89.90450204638472,177.80748663101605,60.0
2025-07-28,96.043656207367,175.13368983957218,59.35960591133005
2025-07-29,96.31650750341065,175.46791443850267,59.01477832512315
2025-07-30,99.0450204638472,176.13636363636365,58.76847290640394
2025-07-31,97.40791268758527,182.82085561497325,59.45812807881773
2025-08-01,93.99727148703957,172.45989304812835,56.945812807881765
2025-08-04,95.08867667121419,172.45989304812835,58.47290640394088
2025-08-05,95.36152796725784,176.13636363636365,58.620689655172406
2025-08-06,93.86084583901774,172.79411764705884,58.620689655172406
2025-08-07,96.1800818553888,175.13368983957218,59.26108374384237
2025-08-08,97.95361527967258,171.4572192513369,57.78325123152709
2025-08-11,96.86221009549796,178.475935828877,56.40394088669951
2025-08-12,96.99863574351978,179.81283422459893,55.320197044334975
2025-08-13,98.09004092769442,185.8288770053476,60.295566502463046
2025-08-14,97.68076398362892,184.82620320855614,60.295566502463046
2025-08-18,95.49795361527967,178.8101604278075,61.42857142857143
2025-08-19,95.49795361527967,175.80213903743316,58.76847290640394
2025-08-20,96.1800818553888,170.78877005347596,56.256157635467986
2025-08-21,96.31650750341065,163.77005347593584,55.812807881773395
2025-08-22,97.40791268758527,167.7807486631016,57.29064039408867
2025-08-25,97.5443383356071,173.4625668449198,60.54187192118226
2025-08-26,95.90723055934515,174.79946524064172,63.891625615763544
2025-08-27,96.31650750341065,173.79679144385028,68.27586206896552
2025-08-28,94.95225102319236,179.47860962566844,68.96551724137932
2025-08-29,95.08867667121419,179.81283422459893,69.80295566502464
2025-09-01,92.2237380627558,171.12299465240642,68.32512315270935
2025-09-02,94.27012278308322,174.13101604278074,68.42364532019704
2025-09-03,95.22510231923602,175.46791443850267,75.91133004926108
2025-09-04,95.63437926330151,177.47326203208556,75.51724137931033
2025-09-05,94.81582537517053,182.82085561497325,80.29556650246306
2025-09-08,95.63437926330151,185.16042780748663,83.5960591133005
2025-09-09,97.5443383356071,192.5133689839572,83.20197044334975
2025-09-10,99.0450204638472,203.20855614973263,82.70935960591133
2025-09-11,100.13642564802183,205.2139037433155,83.99014778325123
2025-09-12,102.8649386084584,219.5855614973262,84.43349753694581
2025-09-15,104.3656207366985,221.2566844919786,88.66995073891626
2025-09-16,108.32196452933151,232.62032085561498,91.72413793103448
2025-09-17,106.68485675306958,222.92780748663102,94.48275862068965
2025-09-18,109.54979536152796,237.6336898395722,104.92610837438423
2025-09-22,113.91541609822646,234.62566844919786,119.21182266009853
2025-09-23,115.5525238744884,241.3101604278075,122.9064039408867
2025-09-24,116.5075034106412,238.97058823529412,121.92118226600985
2025-09-25,117.462482946794,238.30213903743314,108.86699507389162
2025-09-26,113.6425648021828,224.9331550802139,107.88177339901478
2025-09-29,114.87039563437926,233.28877005347596,104.1871921182266
2025-09-30,114.4611186903138,232.2860962566845,108.86699507389162
2025-10-01,117.32605729877217,240.6417112299465,105.41871921182266
2025-10-02,122.44201909959071,264.3716577540107,112.31527093596058
2025-10-10,128.78581173260574,286.09625668449195,110.5911330049261
2025-10-13,127.28512960436562,277.40641711229944,116.99507389162562
2025-10-14,124.96589358799454,275.0668449197861,110.5911330049261
2025-10-15,129.6043656207367,282.4197860962567,111.82266009852218
2025-10-16,133.28785811732607,302.4732620320856,113.05418719211822
2025-10-17,133.5607094133697,311.1631016042781,109.60591133004927
2025-10-20,133.83356070941338,324.5320855614973,106.65024630541873
2025-10-21,133.0150068212824,320.18716577540107,108.12807881773398
2025-10-22,134.5156889495225,321.8582887700535,110.34482758620689
2025-10-23,131.65075034106414,319.8529411764706,105.91133004926108
2025-10-24,134.78854024556617,340.90909090909093,114.5320197044335
2025-10-27,139.15416098226467,357.620320855615,117.48768472906403
2025-10-28,135.74351978171896,348.2620320855615,118.22660098522168
2025-10-29,137.10777626193723,372.9946524064171,118.22660098522168
2025-10-30,142.01909959072304,379.67914438502675,120.93596059113301
2025-10-31,146.65757162346523,373.6631016042781,125.1231527093596
2025-11-03,151.56889495225104,414.4385026737968,127.58620689655173
2025-11-04,143.1105047748977,391.71122994652404,128.07881773399015
2025-11-05,137.2442019099591,387.0320855614973,130.29556650246306
2025-11-06,135.33424283765348,396.3903743315508,123.15270935960592
2025-11-07,133.5607094133697,387.7005347593583,118.22660098522168
2025-11-10,137.2442019099591,405.0802139037433,129.064039408867
2025-11-11,141.20054570259208,413.7700534759358,128.07881773399015
2025-11-12,140.65484311050477,412.43315508021385,131.7733990147783
2025-11-13,140.2455661664393,409.09090909090907,124.63054187192117
2025-11-14,132.60572987721693,374.331550802139,118.47290640394088
2025-11-17,137.2442019099591,405.0802139037433,120.19704433497537
2025-11-18,133.4242837653479,381.01604278074865,121.67487684729063
2025-11-19,131.65075034106414,375.668449197861,111.82266009852218
2025-11-20,137.2442019099591,381.6844919786096,118.22660098522168
2025-11-21,129.33151432469305,348.2620320855615,109.85221674876848
2025-11-24,131.92360163710777,347.59358288770056,109.11330049261083
2025-11-25,135.4706684856753,346.9251336898396,111.08374384236453
2025-11-26,140.2455661664393,350.26737967914437,122.41379310344827
2025-11-27,141.20054570259208,363.6363636363636,141.13300492610838
2025-11-28,137.10777626193723,354.2780748663102,136.20689655172413
2025-12-01,137.51705320600274,359.62566844919786,133.4975369458128
2025-12-02,141.06412005457025,372.9946524064171,128.57142857142858
2025-12-03,142.56480218281035,368.98395721925135,129.55665024630542
2025-12-04,143.38335607094135,362.2994652406417,126.10837438423646
2025-12-05,147.88540245566168,363.6363636363636,125.61576354679802
2025-12-08,149.38608458390178,385.6951871657754,122.66009852216749
2025-12-09,147.88540245566168,378.3422459893048,121.18226600985223
2025-12-10,147.33969986357437,392.379679144385,119.45812807881772
2025-12-11,146.38472032742155,377.67379679144386,118.22660098522168
2025-12-12,148.5675306957708,381.6844919786096,112.5615763546798
2025-12-15,142.97407912687586,370.32085561497325,114.77832512315271
2025-12-16,140.2455661664393,354.2780748663102,110.83743842364532
2025-12-17,147.20327421555254,368.3155080213904,108.37438423645321
2025-12-18,146.79399727148703,368.98395721925135,104.67980295566504
2025-12-19,145.02046384720327,365.6417112299465,104.67980295566504
2025-12-22,150.75034106412005,387.7005347593583,104.67980295566504
2025-12-23,152.11459754433832,390.37433155080214,104.67980295566504
2025-12-24,151.56889495225104,393.048128342246,104.67980295566504
2025-12-26,159.61800818553888,400.40106951871655,104.67980295566504
2025-12-29,163.0286493860846,427.80748663101605,104.67980295566504
2025-12-30,163.5743519781719,435.1604278074866,104.67980295566504
2026-01-02,175.3069577080491,452.5401069518717,104.67980295566504
2026-01-05,188.40381991814462,465.24064171122996,104.67980295566504
2026-01-06,189.49522510231924,485.2941176470588,104.67980295566504
2026-01-07,192.3601637107776,495.98930481283423,104.67980295566504
2026-01-08,189.3587994542974,505.3475935828877,104.67980295566504
2026-01-09,189.63165075034107,497.3262032085562,104.67980295566504
2026-01-12,189.3587994542974,500.668449197861,104.67980295566504
2026-01-13,187.72169167803548,493.31550802139043,104.67980295566504
2026-01-14,191.40518417462482,495.98930481283423,104.67980295566504
2026-01-15,196.31650750341063,500.668449197861,104.67980295566504
2026-01-16,203.13778990450206,505.3475935828877,104.67980295566504
2026-01-19,203.68349249658934,510.69518716577545,104.67980295566504
2026-01-20,198.0900409276944,496.6577540106952,104.67980295566504
2026-01-21,203.95634379263302,494.6524064171123,104.67980295566504
2026-01-22,207.77626193724421,504.67914438502675,104.67980295566504
2026-01-23,207.50341064120056,512.7005347593583,104.67980295566504
2026-01-26,207.50341064120056,491.97860962566847,104.67980295566504
2026-01-27,217.59890859481584,534.75935828877,104.67980295566504
2026-01-28,221.55525238744883,562.1657754010696,104.67980295566504
2026-01-29,219.23601637107777,575.5347593582887,104.67980295566504
2026-01-30,218.9631650750341,607.620320855615,104.67980295566504
2026-02-02,205.18417462482947,554.8128342245989,104.67980295566504
2026-02-03,228.51296043656205,606.283422459893,135.96059113300493
2026-02-04,230.69577080491132,601.6042780748662,176.60098522167488
2026-02-05,217.32605729877216,562.8342245989304,220.19704433497535
2026-02-06,216.37107776261936,560.8288770053476,222.41379310344826
2026-02-09,227.01227830832198,592.9144385026738,241.87192118226602
2026-02-10,226.193724420191,585.5614973262032,238.91625615763544
2026-02-11,228.9222373806276,574.8663101604278,243.10344827586206
2026-02-12,243.656207366985,593.5828877005347,270.935960591133
2026-02-13,247.2032742155525,588.2352941176471,257.14285714285717
2026-02-19,259.2087312414734,597.5935828877004,254.1871921182266
2026-02-20,258.39017735334244,622.3262032085562,252.70935960591135
